jcost;jcost2;jcost3;jcostbal;jcap;backup;;balav21;balshort21;ballong21;balpos21;balneg21;;balav20;balshort20;ballong20;;balav19;balshort19;ballong19
45;65;85;70;2;45;;59.52;128.49;-4.79;93.16;-47.8;;23.53;67.9;-20.94;;35.42;81.58;-3.5
45.002;65.002;85.002;70;2;45.005;;59.52;128.49;-4.79;93.16;-47.8;;23.53;67.9;-20.94;;35.42;81.58;-3.5
45.004;65.004;85.004;70;2;45.01;;59.52;128.49;-4.79;93.16;-47.8;;23.53;67.9;-20.94;;35.42;81.58;-3.5
45.006;65.006;85.006;70;2;45.015;;59.52;128.49;-4.79;93.16;-47.8;;23.53;67.9;-20.94;;35.42;81.58;-3.5
45.008;65.008;85.008;70;2;45.02;;59.52;128.49;-4.79;93.16;-47.8;;23.53;67.9;-20.94;;35.42;81.58;-3.5
45.01;65.01;85.01;70;2;45.025;;59.52;128.49;-4.79;93.16;-47.8;;23.53;67.9;-20.94;;35.42;81.58;-3.5
45.012;65.012;85.012;70;2;45.03;;59.52;128.49;-4.79;93.16;-47.8;;23.53;67.9;-20.94;;35.42;81.58;-3.5
45.014;65.014;85.014;70;2;45.035;;59.52;128.49;-4.79;93.16;-47.8;;23.53;67.9;-20.94;;35.42;81.58;-3.5
45.016;65.016;85.016;70;2;45.04;;59.52;128.49;-4.79;93.16;-47.8;;23.53;67.9;-20.94;;35.42;81.58;-3.5
45.018;65.018;85.018;70;2;45.045;;59.52;128.49;-4.79;93.16;-47.8;;23.53;67.9;-20.94;;35.42;81.58;-3.5
45.02;65.02;85.02;70;2;45.05;;59.52;128.49;-4.79;93.16;-47.8;;23.53;67.9;-20.94;;35.42;81.58;-3.5
45.022;65.022;85.022;70;2;45.055;;59.52;128.49;-4.79;93.16;-47.8;;23.53;67.9;-20.94;;35.42;81.58;-3.5
45.024;65.024;85.024;70;2;45.06;;59.52;128.49;-4.79;93.16;-47.8;;23.53;67.9;-20.94;;35.42;81.58;-3.5
45.026;65.026;85.026;70;2;45.065;;59.52;128.49;-4.79;93.16;-47.8;;23.53;67.9;-20.94;;35.42;81.58;-3.5
45.028;65.028;85.028;70;2;45.07;;59.52;128.49;-4.79;93.16;-47.8;;23.53;67.9;-20.94;;35.42;81.58;-3.5
45.03;65.03;85.03;70;2;45.075;;59.52;128.49;-4.79;93.16;-47.8;;23.53;67.9;-20.94;;35.42;81.58;-3.5
45.032;65.032;85.032;70;2;45.08;;59.52;128.49;-4.79;93.16;-47.8;;23.53;67.9;-20.94;;35.42;81.58;-3.5
45.034;65.034;85.034;70;2;45.085;;59.52;128.49;-4.79;93.16;-47.8;;23.53;67.9;-20.94;;35.42;81.58;-3.5
45.036;65.036;85.036;70;2;45.09;;59.52;128.49;-4.79;93.16;-47.8;;23.53;67.9;-20.94;;35.42;81.58;-3.5
45.038;65.038;85.038;70;2;45.095;;59.52;128.49;-4.79;93.16;-47.8;;23.53;67.9;-20.94;;35.42;81.58;-3.5
45.04;65.04;85.04;70;2;45.1;;59.52;128.49;-4.79;93.16;-47.8;;23.53;67.9;-20.94;;35.42;81.58;-3.5
45.042;65.042;85.042;70;2;45.105;;59.52;128.49;-4.79;93.16;-47.8;;23.53;67.9;-20.94;;35.42;81.58;-3.5
45.044;65.044;85.044;70;2;45.11;;59.52;128.49;-4.79;93.16;-47.8;;23.53;67.9;-20.94;;35.42;81.58;-3.5
45.046;65.046;85.046;70;2;45.115;;59.52;128.49;-4.79;93.16;-47.8;;23.53;67.9;-20.94;;35.42;81.58;-3.5
45.048;65.048;85.048;70;2;45.12;;59.52;128.49;-4.79;93.16;-47.8;;23.53;67.9;-20.94;;35.42;81.58;-3.5
45.05;65.05;85.05;70;2;45.125;;59.52;128.49;-4.79;93.16;-47.8;;23.53;67.9;-20.94;;35.42;81.58;-3.5
45.052;65.052;85.052;70;2;45.13;;59.52;128.49;-4.79;93.16;-47.8;;23.53;67.9;-20.94;;35.42;81.58;-3.5
45.054;65.054;85.054;70;2;45.135;;59.52;128.49;-4.79;93.16;-47.8;;23.53;67.9;-20.94;;35.42;81.58;-3.5
45.056;65.056;85.056;70;2;45.14;;59.52;128.49;-4.79;93.16;-47.8;;23.53;67.9;-20.94;;35.42;81.58;-3.5
45.058;65.058;85.058;70;2;45.145;;59.52;128.49;-4.79;93.16;-47.8;;23.53;67.9;-20.94;;35.42;81.58;-3.5
45.06;65.06;85.06;70;2;45.15;;59.52;128.49;-4.79;93.16;-47.8;;23.53;67.9;-20.94;;35.42;81.58;-3.5
45.062;65.062;85.062;70;2;45.155;;59.52;128.49;-4.79;93.16;-47.8;;23.53;67.9;-20.94;;35.42;81.58;-3.5
45.064;65.064;85.064;70;2;45.16;;59.52;128.49;-4.79;93.16;-47.8;;23.53;67.9;-20.94;;35.42;81.58;-3.5
45.066;65.066;85.066;70;2;45.165;;59.52;128.49;-4.79;93.16;-47.8;;23.53;67.9;-20.94;;35.42;81.58;-3.5
45.068;65.068;85.068;70;2;45.17;;59.52;128.49;-4.79;93.16;-47.8;;23.53;67.9;-20.94;;35.42;81.58;-3.5
45.07;65.07;85.07;70;2;45.175;;59.52;128.49;-4.79;93.16;-47.8;;23.53;67.9;-20.94;;35.42;81.58;-3.5
45.072;65.072;85.072;70;2;45.18;;59.52;128.49;-4.79;93.16;-47.8;;23.53;67.9;-20.94;;35.42;81.58;-3.5
45.074;65.074;85.074;70;2;45.185;;59.52;128.49;-4.79;93.16;-47.8;;23.53;67.9;-20.94;;35.42;81.58;-3.5
45.076;65.076;85.076;70;2;45.19;;59.52;128.49;-4.79;93.16;-47.8;;23.53;67.9;-20.94;;35.42;81.58;-3.5
45.078;65.078;85.078;70;2;45.195;;59.52;128.49;-4.79;93.16;-47.8;;23.53;67.9;-20.94;;35.42;81.58;-3.5
45.08;65.08;85.08;70;2;45.2;;59.52;128.49;-4.79;93.16;-47.8;;23.53;67.9;-20.94;;35.42;81.58;-3.5
45.082;65.082;85.082;70;2;45.205;;59.52;128.49;-4.79;93.16;-47.8;;23.53;67.9;-20.94;;35.42;81.58;-3.5
45.084;65.084;85.084;70;2;45.21;;59.52;128.49;-4.79;93.16;-47.8;;23.53;67.9;-20.94;;35.42;81.58;-3.5
45.086;65.086;85.086;70;2;45.215;;59.52;128.49;-4.79;93.16;-47.8;;23.53;67.9;-20.94;;35.42;81.58;-3.5
45.088;65.088;85.088;70;2;45.22;;59.52;128.49;-4.79;93.16;-47.8;;23.53;67.9;-20.94;;35.42;81.58;-3.5
45.09;65.09;85.09;70;2;45.225;;59.52;128.49;-4.79;93.16;-47.8;;23.53;67.9;-20.94;;35.42;81.58;-3.5
45.092;65.092;85.092;70;2;45.23;;59.52;128.49;-4.79;93.16;-47.8;;23.53;67.9;-20.94;;35.42;81.58;-3.5
45.094;65.094;85.094;70;2;45.235;;59.52;128.49;-4.79;93.16;-47.8;;23.53;67.9;-20.94;;35.42;81.58;-3.5
45.096;65.096;85.096;70;2;45.24;;59.52;128.49;-4.79;93.16;-47.8;;23.53;67.9;-20.94;;35.42;81.58;-3.5
45.098;65.098;85.098;70;2;45.245;;59.52;128.49;-4.79;93.16;-47.8;;23.53;67.9;-20.94;;35.42;81.58;-3.5
45.1;65.1;85.1;70;2;45.25;;59.52;128.49;-4.79;93.16;-47.8;;23.53;67.9;-20.94;;35.42;81.58;-3.5
45.102;65.102;85.102;70;2;45.255;;59.52;128.49;-4.79;93.16;-47.8;;23.53;67.9;-20.94;;35.42;81.58;-3.5
45.104;65.104;85.104;70;2;45.26;;59.52;128.49;-4.79;93.16;-47.8;;23.53;67.9;-20.94;;35.42;81.58;-3.5
45.106;65.106;85.106;70;2;45.265;;59.52;128.49;-4.79;93.16;-47.8;;23.53;67.9;-20.94;;35.42;81.58;-3.5
45.108;65.108;85.108;70;2;45.27;;59.52;128.49;-4.79;93.16;-47.8;;23.53;67.9;-20.94;;35.42;81.58;-3.5
45.11;65.11;85.11;70;2;45.275;;59.52;128.49;-4.79;93.16;-47.8;;23.53;67.9;-20.94;;35.42;81.58;-3.5
45.112;65.112;85.112;70;2;45.28;;59.52;128.49;-4.79;93.16;-47.8;;23.53;67.9;-20.94;;35.42;81.58;-3.5
45.114;65.114;85.114;70;2;45.285;;59.52;128.49;-4.79;93.16;-47.8;;23.53;67.9;-20.94;;35.42;81.58;-3.5
45.116;65.116;85.116;70;2;45.29;;59.52;128.49;-4.79;93.16;-47.8;;23.53;67.9;-20.94;;35.42;81.58;-3.5
45.118;65.118;85.118;70;2;45.295;;59.52;128.49;-4.79;93.16;-47.8;;23.53;67.9;-20.94;;35.42;81.58;-3.5
45.12;65.12;85.12;70;2;45.3;;59.52;128.49;-4.79;93.16;-47.8;;23.53;67.9;-20.94;;35.42;81.58;-3.5
45.122;65.122;85.122;70;2;45.305;;59.52;128.49;-4.79;93.16;-47.8;;23.53;67.9;-20.94;;35.42;81.58;-3.5
45.124;65.124;85.124;70;2;45.31;;59.52;128.49;-4.79;93.16;-47.8;;23.53;67.9;-20.94;;35.42;81.58;-3.5
45.126;65.126;85.126;70;2;45.315;;59.52;128.49;-4.79;93.16;-47.8;;23.53;67.9;-20.94;;35.42;81.58;-3.5
45.128;65.128;85.128;70;2;45.32;;59.52;128.49;-4.79;93.16;-47.8;;23.53;67.9;-20.94;;35.42;81.58;-3.5
45.13;65.13;85.13;70;2;45.325;;59.52;128.49;-4.79;93.16;-47.8;;23.53;67.9;-20.94;;35.42;81.58;-3.5
45.132;65.132;85.132;70;2;45.33;;59.52;128.49;-4.79;93.16;-47.8;;23.53;67.9;-20.94;;35.42;81.58;-3.5
45.134;65.134;85.134;70;2;45.335;;59.52;128.49;-4.79;93.16;-47.8;;23.53;67.9;-20.94;;35.42;81.58;-3.5
45.136;65.136;85.136;70;2;45.34;;59.52;128.49;-4.79;93.16;-47.8;;23.53;67.9;-20.94;;35.42;81.58;-3.5
45.138;65.138;85.138;70;2;45.345;;59.52;128.49;-4.79;93.16;-47.8;;23.53;67.9;-20.94;;35.42;81.58;-3.5
45.14;65.14;85.14;70;2;45.35;;59.52;128.49;-4.79;93.16;-47.8;;23.53;67.9;-20.94;;35.42;81.58;-3.5
45.142;65.142;85.142;70;2;45.355;;59.52;128.49;-4.79;93.16;-47.8;;23.53;67.9;-20.94;;35.42;81.58;-3.5
45.144;65.144;85.144;70;2;45.36;;59.52;128.49;-4.79;93.16;-47.8;;23.53;67.9;-20.94;;35.42;81.58;-3.5
45.146;65.146;85.146;70;2;45.365;;59.52;128.49;-4.79;93.16;-47.8;;23.53;67.9;-20.94;;35.42;81.58;-3.5
45.148;65.148;85.148;70;2;45.37;;59.52;128.49;-4.79;93.16;-47.8;;23.53;67.9;-20.94;;35.42;81.58;-3.5
45.15;65.15;85.15;70;2;45.375;;59.52;128.49;-4.79;93.16;-47.8;;23.53;67.9;-20.94;;35.42;81.58;-3.5
45.152;65.152;85.152;70;2;45.38;;59.52;128.49;-4.79;93.16;-47.8;;23.53;67.9;-20.94;;35.42;81.58;-3.5
45.154;65.154;85.154;70;2;45.385;;59.52;128.49;-4.79;93.16;-47.8;;23.53;67.9;-20.94;;35.42;81.58;-3.5
45.156;65.156;85.156;70;2;45.39;;59.52;128.49;-4.79;93.16;-47.8;;23.53;67.9;-20.94;;35.42;81.58;-3.5
45.158;65.158;85.158;70;2;45.395;;59.52;128.49;-4.79;93.16;-47.8;;23.53;67.9;-20.94;;35.42;81.58;-3.5
45.16;65.16;85.16;70;2;45.4;;59.52;128.49;-4.79;93.16;-47.8;;23.53;67.9;-20.94;;35.42;81.58;-3.5
45.162;65.162;85.162;70;2;45.405;;59.52;128.49;-4.79;93.16;-47.8;;23.53;67.9;-20.94;;35.42;81.58;-3.5
45.164;65.164;85.164;70;2;45.41;;59.52;128.49;-4.79;93.16;-47.8;;23.53;67.9;-20.94;;35.42;81.58;-3.5
45.166;65.166;85.166;70;2;45.415;;59.52;128.49;-4.79;93.16;-47.8;;23.53;67.9;-20.94;;35.42;81.58;-3.5
45.168;65.168;85.168;70;2;45.42;;59.52;128.49;-4.79;93.16;-47.8;;23.53;67.9;-20.94;;35.42;81.58;-3.5
45.17;65.17;85.17;70;2;45.425;;59.52;128.49;-4.79;93.16;-47.8;;23.53;67.9;-20.94;;35.42;81.58;-3.5
45.172;65.172;85.172;70;2;45.43;;59.52;128.49;-4.79;93.16;-47.8;;23.53;67.9;-20.94;;35.42;81.58;-3.5
45.174;65.174;85.174;70;2;45.435;;59.52;128.49;-4.79;93.16;-47.8;;23.53;67.9;-20.94;;35.42;81.58;-3.5
45.176;65.176;85.176;70;2;45.44;;59.52;128.49;-4.79;93.16;-47.8;;23.53;67.9;-20.94;;35.42;81.58;-3.5
45.178;65.178;85.178;70;2;45.445;;59.52;128.49;-4.79;93.16;-47.8;;23.53;67.9;-20.94;;35.42;81.58;-3.5
45.18;65.18;85.18;70;2;45.45;;59.52;128.49;-4.79;93.16;-47.8;;23.53;67.9;-20.94;;35.42;81.58;-3.5
45.182;65.182;85.182;70;2;45.455;;59.52;128.49;-4.79;93.16;-47.8;;23.53;67.9;-20.94;;35.42;81.58;-3.5
45.184;65.184;85.184;70;2;45.46;;59.52;128.49;-4.79;93.16;-47.8;;23.53;67.9;-20.94;;35.42;81.58;-3.5
45.186;65.186;85.186;70;2;45.465;;59.52;128.49;-4.79;93.16;-47.8;;23.53;67.9;-20.94;;35.42;81.58;-3.5
45.188;65.188;85.188;70;2;45.47;;59.52;128.49;-4.79;93.16;-47.8;;23.53;67.9;-20.94;;35.42;81.58;-3.5
45.19;65.19;85.19;70;2;45.475;;59.52;128.49;-4.79;93.16;-47.8;;23.53;67.9;-20.94;;35.42;81.58;-3.5
45.192;65.192;85.192;70;2;45.48;;59.52;128.49;-4.79;93.16;-47.8;;23.53;67.9;-20.94;;35.42;81.58;-3.5
45.194;65.194;85.194;70;2;45.485;;59.52;128.49;-4.79;93.16;-47.8;;23.53;67.9;-20.94;;35.42;81.58;-3.5
45.196;65.196;85.196;70;2;45.49;;59.52;128.49;-4.79;93.16;-47.8;;23.53;67.9;-20.94;;35.42;81.58;-3.5
45.198;65.198;85.198;70;2;45.495;;59.52;128.49;-4.79;93.16;-47.8;;23.53;67.9;-20.94;;35.42;81.58;-3.5
45.2;65.2;85.2;70;2;45.5;;59.52;128.49;-4.79;93.16;-47.8;;23.53;67.9;-20.94;;35.42;81.58;-3.5
45.202;65.202;85.202;70;2;45.505;;59.52;128.49;-4.79;93.16;-47.8;;23.53;67.9;-20.94;;35.42;81.58;-3.5
45.204;65.204;85.204;70;2;45.51;;59.52;128.49;-4.79;93.16;-47.8;;23.53;67.9;-20.94;;35.42;81.58;-3.5
45.206;65.206;85.206;70;2;45.515;;59.52;128.49;-4.79;93.16;-47.8;;23.53;67.9;-20.94;;35.42;81.58;-3.5
45.208;65.208;85.208;70;2;45.52;;59.52;128.49;-4.79;93.16;-47.8;;23.53;67.9;-20.94;;35.42;81.58;-3.5
45.21;65.21;85.21;70;2;45.525;;59.52;128.49;-4.79;93.16;-47.8;;23.53;67.9;-20.94;;35.42;81.58;-3.5
45.212;65.212;85.212;70;2;45.53;;59.52;128.49;-4.79;93.16;-47.8;;23.53;67.9;-20.94;;35.42;81.58;-3.5
45.214;65.214;85.214;70;2;45.535;;59.52;128.49;-4.79;93.16;-47.8;;23.53;67.9;-20.94;;35.42;81.58;-3.5
45.216;65.216;85.216;70;2;45.54;;59.52;128.49;-4.79;93.16;-47.8;;23.53;67.9;-20.94;;35.42;81.58;-3.5
45.218;65.218;85.218;70;2;45.545;;59.52;128.49;-4.79;93.16;-47.8;;23.53;67.9;-20.94;;35.42;81.58;-3.5
45.22;65.22;85.22;70;2;45.55;;59.52;128.49;-4.79;93.16;-47.8;;23.53;67.9;-20.94;;35.42;81.58;-3.5
45.222;65.222;85.222;70;2;45.555;;59.52;128.49;-4.79;93.16;-47.8;;23.53;67.9;-20.94;;35.42;81.58;-3.5
45.224;65.224;85.224;70;2;45.56;;59.52;128.49;-4.79;93.16;-47.8;;23.53;67.9;-20.94;;35.42;81.58;-3.5
45.226;65.226;85.226;70;2;45.565;;59.52;128.49;-4.79;93.16;-47.8;;23.53;67.9;-20.94;;35.42;81.58;-3.5
45.228;65.228;85.228;70;2;45.57;;59.52;128.49;-4.79;93.16;-47.8;;23.53;67.9;-20.94;;35.42;81.58;-3.5
45.23;65.23;85.23;70;2;45.575;;59.52;128.49;-4.79;93.16;-47.8;;23.53;67.9;-20.94;;35.42;81.58;-3.5
45.232;65.232;85.232;70;2;45.58;;59.52;128.49;-4.79;93.16;-47.8;;23.53;67.9;-20.94;;35.42;81.58;-3.5
45.234;65.234;85.234;70;2;45.585;;59.52;128.49;-4.79;93.16;-47.8;;23.53;67.9;-20.94;;35.42;81.58;-3.5
45.236;65.236;85.236;70;2;45.59;;59.52;128.49;-4.79;93.16;-47.8;;23.53;67.9;-20.94;;35.42;81.58;-3.5
45.238;65.238;85.238;70;2;45.595;;59.52;128.49;-4.79;93.16;-47.8;;23.53;67.9;-20.94;;35.42;81.58;-3.5
45.24;65.24;85.24;70;2;45.6;;59.52;128.49;-4.79;93.16;-47.8;;23.53;67.9;-20.94;;35.42;81.58;-3.5
45.242;65.242;85.242;70;2;45.605;;59.52;128.49;-4.79;93.16;-47.8;;23.53;67.9;-20.94;;35.42;81.58;-3.5
45.244;65.244;85.244;70;2;45.61;;59.52;128.49;-4.79;93.16;-47.8;;23.53;67.9;-20.94;;35.42;81.58;-3.5
45.246;65.246;85.246;70;2;45.615;;59.52;128.49;-4.79;93.16;-47.8;;23.53;67.9;-20.94;;35.42;81.58;-3.5
45.248;65.248;85.248;70;2;45.62;;59.52;128.49;-4.79;93.16;-47.8;;23.53;67.9;-20.94;;35.42;81.58;-3.5
45.25;65.25;85.25;70;2;45.625;;59.52;128.49;-4.79;93.16;-47.8;;23.53;67.9;-20.94;;35.42;81.58;-3.5
45.252;65.252;85.252;70;2;45.63;;59.52;128.49;-4.79;93.16;-47.8;;23.53;67.9;-20.94;;35.42;81.58;-3.5
45.254;65.254;85.254;70;2;45.635;;59.52;128.49;-4.79;93.16;-47.8;;23.53;67.9;-20.94;;35.42;81.58;-3.5
45.256;65.256;85.256;70;2;45.64;;59.52;128.49;-4.79;93.16;-47.8;;23.53;67.9;-20.94;;35.42;81.58;-3.5
45.258;65.258;85.258;70;2;45.645;;59.52;128.49;-4.79;93.16;-47.8;;23.53;67.9;-20.94;;35.42;81.58;-3.5
45.26;65.26;85.26;70;2;45.65;;59.52;128.49;-4.79;93.16;-47.8;;23.53;67.9;-20.94;;35.42;81.58;-3.5
45.262;65.262;85.262;70;2;45.655;;59.52;128.49;-4.79;93.16;-47.8;;23.53;67.9;-20.94;;35.42;81.58;-3.5
45.264;65.264;85.264;70;2;45.66;;59.52;128.49;-4.79;93.16;-47.8;;23.53;67.9;-20.94;;35.42;81.58;-3.5
45.266;65.266;85.266;70;2;45.665;;59.52;128.49;-4.79;93.16;-47.8;;23.53;67.9;-20.94;;35.42;81.58;-3.5
45.268;65.268;85.268;70;2;45.67;;59.52;128.49;-4.79;93.16;-47.8;;23.53;67.9;-20.94;;35.42;81.58;-3.5
45.27;65.27;85.27;70;2;45.675;;59.52;128.49;-4.79;93.16;-47.8;;23.53;67.9;-20.94;;35.42;81.58;-3.5
45.272;65.272;85.272;70;2;45.68;;59.52;128.49;-4.79;93.16;-47.8;;23.53;67.9;-20.94;;35.42;81.58;-3.5
45.274;65.274;85.274;70;2;45.685;;59.52;128.49;-4.79;93.16;-47.8;;23.53;67.9;-20.94;;35.42;81.58;-3.5
45.276;65.276;85.276;70;2;45.69;;59.52;128.49;-4.79;93.16;-47.8;;23.53;67.9;-20.94;;35.42;81.58;-3.5
45.278;65.278;85.278;70;2;45.695;;59.52;128.49;-4.79;93.16;-47.8;;23.53;67.9;-20.94;;35.42;81.58;-3.5
45.28;65.28;85.28;70;2;;;59.52;128.49;-4.79;93.16;-47.8;;23.53;67.9;-20.94;;35.42;81.58;-3.5
45.282;65.282;85.282;70;2;;;59.52;128.49;-4.79;93.16;-47.8;;23.53;67.9;-20.94;;35.42;81.58;-3.5
45.284;65.284;85.284;70;2;;;59.52;128.49;-4.79;93.16;-47.8;;23.53;67.9;-20.94;;35.42;81.58;-3.5
45.286;65.286;85.286;70;2;;;59.52;128.49;-4.79;93.16;-47.8;;23.53;67.9;-20.94;;35.42;81.58;-3.5
45.288;65.288;85.288;70;2;;;59.52;128.49;-4.79;93.16;-47.8;;23.53;67.9;-20.94;;35.42;81.58;-3.5
45.29;65.29;85.29;70;2;;;59.52;128.49;-4.79;93.16;-47.8;;23.53;67.9;-20.94;;35.42;81.58;-3.5
45.292;65.292;85.292;70;2;;;59.52;128.49;-4.79;93.16;-47.8;;23.53;67.9;-20.94;;35.42;81.58;-3.5
45.294;65.294;85.294;70;2;;;59.52;128.49;-4.79;93.16;-47.8;;23.53;67.9;-20.94;;35.42;81.58;-3.5
45.296;65.296;85.296;70;2;;;59.52;128.49;-4.79;93.16;-47.8;;23.53;67.9;-20.94;;35.42;81.58;-3.5
45.298;65.298;85.298;70;2;;;59.52;128.49;-4.79;93.16;-47.8;;23.53;67.9;-20.94;;35.42;81.58;-3.5
45.3;65.3;85.3;70;2;;;59.52;128.49;-4.79;93.16;-47.8;;23.53;67.9;-20.94;;35.42;81.58;-3.5
45.302;65.302;85.302;70;2;;;59.52;128.49;-4.79;93.16;-47.8;;23.53;67.9;-20.94;;35.42;81.58;-3.5
45.304;65.304;85.304;70;2;;;59.52;128.49;-4.79;93.16;-47.8;;23.53;67.9;-20.94;;35.42;81.58;-3.5
45.306;65.306;85.306;70;2;;;59.52;128.49;-4.79;93.16;-47.8;;23.53;67.9;-20.94;;35.42;81.58;-3.5
45.308;65.308;85.308;70;2;;;59.52;128.49;-4.79;93.16;-47.8;;23.53;67.9;-20.94;;35.42;81.58;-3.5
45.31;65.31;85.31;70;2;;;59.52;128.49;-4.79;93.16;-47.8;;23.53;67.9;-20.94;;35.42;81.58;-3.5
45.312;65.312;85.312;70;2;;;59.52;128.49;-4.79;93.16;-47.8;;23.53;67.9;-20.94;;35.42;81.58;-3.5
45.314;65.314;85.314;70;2;;;59.52;128.49;-4.79;93.16;-47.8;;23.53;67.9;-20.94;;35.42;81.58;-3.5
45.316;65.316;85.316;70;2;;;59.52;128.49;-4.79;93.16;-47.8;;23.53;67.9;-20.94;;35.42;81.58;-3.5
45.318;65.318;85.318;70;2;;;59.52;128.49;-4.79;93.16;-47.8;;23.53;67.9;-20.94;;35.42;81.58;-3.5
45.32;65.32;85.32;70;2;;;59.52;128.49;-4.79;93.16;-47.8;;23.53;67.9;-20.94;;35.42;81.58;-3.5
45.322;65.322;85.322;70;2;;;59.52;128.49;-4.79;93.16;-47.8;;23.53;67.9;-20.94;;35.42;81.58;-3.5
45.324;65.324;85.324;70;2;;;59.52;128.49;-4.79;93.16;-47.8;;23.53;67.9;-20.94;;35.42;81.58;-3.5
45.326;65.326;85.326;70;2;;;59.52;128.49;-4.79;93.16;-47.8;;23.53;67.9;-20.94;;35.42;81.58;-3.5
45.328;65.328;85.328;70;2;;;59.52;128.49;-4.79;93.16;-47.8;;23.53;67.9;-20.94;;35.42;81.58;-3.5
45.33;65.33;85.33;70;2;;;59.52;128.49;-4.79;93.16;-47.8;;23.53;67.9;-20.94;;35.42;81.58;-3.5
45.332;65.332;85.332;70;2;;;59.52;128.49;-4.79;93.16;-47.8;;23.53;67.9;-20.94;;35.42;81.58;-3.5
45.334;65.334;85.334;70;2;;;59.52;128.49;-4.79;93.16;-47.8;;23.53;67.9;-20.94;;35.42;81.58;-3.5
45.336;65.336;85.336;70;2;;;59.52;128.49;-4.79;93.16;-47.8;;23.53;67.9;-20.94;;35.42;81.58;-3.5
45.338;65.338;85.338;70;2;;;59.52;128.49;-4.79;93.16;-47.8;;23.53;67.9;-20.94;;35.42;81.58;-3.5
45.34;65.34;85.34;70;2;;;59.52;128.49;-4.79;93.16;-47.8;;23.53;67.9;-20.94;;35.42;81.58;-3.5
45.342;65.342;85.342;70;2;;;59.52;128.49;-4.79;93.16;-47.8;;23.53;67.9;-20.94;;35.42;81.58;-3.5
45.344;65.344;85.344;70;2;;;59.52;128.49;-4.79;93.16;-47.8;;23.53;67.9;-20.94;;35.42;81.58;-3.5
45.346;65.346;85.346;70;2;;;59.52;128.49;-4.79;93.16;-47.8;;23.53;67.9;-20.94;;35.42;81.58;-3.5
45.348;65.348;85.348;70;2;;;59.52;128.49;-4.79;93.16;-47.8;;23.53;67.9;-20.94;;35.42;81.58;-3.5
45.35;65.35;85.35;70;2;;;59.52;128.49;-4.79;93.16;-47.8;;23.53;67.9;-20.94;;35.42;81.58;-3.5
45.352;65.352;85.352;70;2;;;59.52;128.49;-4.79;93.16;-47.8;;23.53;67.9;-20.94;;35.42;81.58;-3.5
45.354;65.354;85.354;70;2;;;59.52;128.49;-4.79;93.16;-47.8;;23.53;67.9;-20.94;;35.42;81.58;-3.5
45.356;65.356;85.356;70;2;;;59.52;128.49;-4.79;93.16;-47.8;;23.53;67.9;-20.94;;35.42;81.58;-3.5
45.358;65.358;85.358;70;2;;;59.52;128.49;-4.79;93.16;-47.8;;23.53;67.9;-20.94;;35.42;81.58;-3.5
45.36;65.36;85.36;70;2;;;59.52;128.49;-4.79;93.16;-47.8;;23.53;67.9;-20.94;;35.42;81.58;-3.5
45.362;65.362;85.362;70;2;;;59.52;128.49;-4.79;93.16;-47.8;;23.53;67.9;-20.94;;35.42;81.58;-3.5
45.364;65.364;85.364;70;2;;;59.52;128.49;-4.79;93.16;-47.8;;23.53;67.9;-20.94;;35.42;81.58;-3.5
45.366;65.366;85.366;70;2;;;59.52;128.49;-4.79;93.16;-47.8;;23.53;67.9;-20.94;;35.42;81.58;-3.5
45.368;65.368;85.368;70;2;;;59.52;128.49;-4.79;93.16;-47.8;;23.53;67.9;-20.94;;35.42;81.58;-3.5
45.37;65.37;85.37;70;2;;;59.52;128.49;-4.79;93.16;-47.8;;23.53;67.9;-20.94;;35.42;81.58;-3.5
45.372;65.372;85.372;70;2;;;59.52;128.49;-4.79;93.16;-47.8;;23.53;67.9;-20.94;;35.42;81.58;-3.5
45.374;65.374;85.374;70;2;;;59.52;128.49;-4.79;93.16;-47.8;;23.53;67.9;-20.94;;35.42;81.58;-3.5
45.376;65.376;85.376;70;2;;;59.52;128.49;-4.79;93.16;-47.8;;23.53;67.9;-20.94;;35.42;81.58;-3.5
45.378;65.378;85.378;70;2;;;59.52;128.49;-4.79;93.16;-47.8;;23.53;67.9;-20.94;;35.42;81.58;-3.5
45.38;65.38;85.38;70;2;;;59.52;128.49;-4.79;93.16;-47.8;;23.53;67.9;-20.94;;35.42;81.58;-3.5
45.382;65.382;85.382;70;2;;;59.52;128.49;-4.79;93.16;-47.8;;23.53;67.9;-20.94;;35.42;81.58;-3.5
45.384;65.384;85.384;70;2;;;59.52;128.49;-4.79;93.16;-47.8;;23.53;67.9;-20.94;;35.42;81.58;-3.5
45.386;65.386;85.386;70;2;;;59.52;128.49;-4.79;93.16;-47.8;;23.53;67.9;-20.94;;35.42;81.58;-3.5
45.388;65.388;85.388;70;2;;;59.52;128.49;-4.79;93.16;-47.8;;23.53;67.9;-20.94;;35.42;81.58;-3.5
45.39;65.39;85.39;70;2;;;59.52;128.49;-4.79;93.16;-47.8;;23.53;67.9;-20.94;;35.42;81.58;-3.5
45.392;65.392;85.392;70;2;;;59.52;128.49;-4.79;93.16;-47.8;;23.53;67.9;-20.94;;35.42;81.58;-3.5
45.394;65.394;85.394;70;2;;;59.52;128.49;-4.79;93.16;-47.8;;23.53;67.9;-20.94;;35.42;81.58;-3.5
45.396;65.396;85.396;70;2;;;59.52;128.49;-4.79;93.16;-47.8;;23.53;67.9;-20.94;;35.42;81.58;-3.5
45.398;65.398;85.398;70;2;;;59.52;128.49;-4.79;93.16;-47.8;;23.53;67.9;-20.94;;35.42;81.58;-3.5
45.4;65.4;85.4;70;2;;;59.52;128.49;-4.79;93.16;-47.8;;23.53;67.9;-20.94;;35.42;81.58;-3.5
45.402;65.402;85.402;70;2;;;59.52;128.49;-4.79;93.16;-47.8;;23.53;67.9;-20.94;;35.42;81.58;-3.5
45.404;65.404;85.404;70;2;;;59.52;128.49;-4.79;93.16;-47.8;;23.53;67.9;-20.94;;35.42;81.58;-3.5
45.406;65.406;85.406;70;2;;;59.52;128.49;-4.79;93.16;-47.8;;23.53;67.9;-20.94;;35.42;81.58;-3.5
45.408;65.408;85.408;70;2;;;59.52;128.49;-4.79;93.16;-47.8;;23.53;67.9;-20.94;;35.42;81.58;-3.5
45.41;65.41;85.41;70;2;;;59.52;128.49;-4.79;93.16;-47.8;;23.53;67.9;-20.94;;35.42;81.58;-3.5
45.412;65.412;85.412;70;2;;;59.52;128.49;-4.79;93.16;-47.8;;23.53;67.9;-20.94;;35.42;81.58;-3.5
45.414;65.414;85.414;70;2;;;59.52;128.49;-4.79;93.16;-47.8;;23.53;67.9;-20.94;;35.42;81.58;-3.5
45.416;65.416;85.416;70;2;;;59.52;128.49;-4.79;93.16;-47.8;;23.53;67.9;-20.94;;35.42;81.58;-3.5
45.418;65.418;85.418;70;2;;;59.52;128.49;-4.79;93.16;-47.8;;23.53;67.9;-20.94;;35.42;81.58;-3.5
45.42;65.42;85.42;70;2;;;59.52;128.49;-4.79;93.16;-47.8;;23.53;67.9;-20.94;;35.42;81.58;-3.5
45.422;65.422;85.422;70;2;;;59.52;128.49;-4.79;93.16;-47.8;;23.53;67.9;-20.94;;35.42;81.58;-3.5
45.424;65.424;85.424;70;2;;;59.52;128.49;-4.79;93.16;-47.8;;23.53;67.9;-20.94;;35.42;81.58;-3.5
45.426;65.426;85.426;70;2;;;59.52;128.49;-4.79;93.16;-47.8;;23.53;67.9;-20.94;;35.42;81.58;-3.5
45.428;65.428;85.428;70;2;;;59.52;128.49;-4.79;93.16;-47.8;;23.53;67.9;-20.94;;35.42;81.58;-3.5
45.43;65.43;85.43;70;2;;;59.52;128.49;-4.79;93.16;-47.8;;23.53;67.9;-20.94;;35.42;81.58;-3.5
45.432;65.432;85.432;70;2;;;59.52;128.49;-4.79;93.16;-47.8;;23.53;67.9;-20.94;;35.42;81.58;-3.5
45.434;65.434;85.434;70;2;;;59.52;128.49;-4.79;93.16;-47.8;;23.53;67.9;-20.94;;35.42;81.58;-3.5
45.436;65.436;85.436;70;2;;;59.52;128.49;-4.79;93.16;-47.8;;23.53;67.9;-20.94;;35.42;81.58;-3.5
45.438;65.438;85.438;70;2;;;59.52;128.49;-4.79;93.16;-47.8;;23.53;67.9;-20.94;;35.42;81.58;-3.5
45.44;65.44;85.44;70;2;;;59.52;128.49;-4.79;93.16;-47.8;;23.53;67.9;-20.94;;35.42;81.58;-3.5
45.442;65.442;85.442;70;2;;;59.52;128.49;-4.79;93.16;-47.8;;23.53;67.9;-20.94;;35.42;81.58;-3.5
45.444;65.444;85.444;70;2;;;59.52;128.49;-4.79;93.16;-47.8;;23.53;67.9;-20.94;;35.42;81.58;-3.5
45.446;65.446;85.446;70;2;;;59.52;128.49;-4.79;93.16;-47.8;;23.53;67.9;-20.94;;35.42;81.58;-3.5
45.448;65.448;85.448;70;2;;;59.52;128.49;-4.79;93.16;-47.8;;23.53;67.9;-20.94;;35.42;81.58;-3.5
45.45;65.45;85.45;70;2;;;59.52;128.49;-4.79;93.16;-47.8;;23.53;67.9;-20.94;;35.42;81.58;-3.5
45.452;65.452;85.452;70;2;;;59.52;128.49;-4.79;93.16;-47.8;;23.53;67.9;-20.94;;35.42;81.58;-3.5
45.454;65.454;85.454;70;2;;;59.52;128.49;-4.79;93.16;-47.8;;23.53;67.9;-20.94;;35.42;81.58;-3.5
45.456;65.456;85.456;70;2;;;59.52;128.49;-4.79;93.16;-47.8;;23.53;67.9;-20.94;;35.42;81.58;-3.5
45.458;65.458;85.458;70;2;;;59.52;128.49;-4.79;93.16;-47.8;;23.53;67.9;-20.94;;35.42;81.58;-3.5
45.46;65.46;85.46;70;2;;;59.52;128.49;-4.79;93.16;-47.8;;23.53;67.9;-20.94;;35.42;81.58;-3.5
45.462;65.462;85.462;70;2;;;59.52;128.49;-4.79;93.16;-47.8;;23.53;67.9;-20.94;;35.42;81.58;-3.5
45.464;65.464;85.464;70;2;;;59.52;128.49;-4.79;93.16;-47.8;;23.53;67.9;-20.94;;35.42;81.58;-3.5
45.466;65.466;85.466;70;2;;;59.52;128.49;-4.79;93.16;-47.8;;23.53;67.9;-20.94;;35.42;81.58;-3.5
45.468;65.468;85.468;70;2;;;59.52;128.49;-4.79;93.16;-47.8;;23.53;67.9;-20.94;;35.42;81.58;-3.5
45.47;65.47;85.47;70;2;;;59.52;128.49;-4.79;93.16;-47.8;;23.53;67.9;-20.94;;35.42;81.58;-3.5
45.472;65.472;85.472;70;2;;;59.52;128.49;-4.79;93.16;-47.8;;23.53;67.9;-20.94;;35.42;81.58;-3.5
45.474;65.474;85.474;70;2;;;59.52;128.49;-4.79;93.16;-47.8;;23.53;67.9;-20.94;;35.42;81.58;-3.5
45.476;65.476;85.476;70;2;;;59.52;128.49;-4.79;93.16;-47.8;;23.53;67.9;-20.94;;35.42;81.58;-3.5
45.478;65.478;85.478;70;2;;;59.52;128.49;-4.79;93.16;-47.8;;23.53;67.9;-20.94;;35.42;81.58;-3.5
45.48;65.48;85.48;70;2;;;59.52;128.49;-4.79;93.16;-47.8;;23.53;67.9;-20.94;;35.42;81.58;-3.5
45.482;65.482;85.482;70;2;;;59.52;128.49;-4.79;93.16;-47.8;;23.53;67.9;-20.94;;35.42;81.58;-3.5
45.484;65.484;85.484;70;2;;;59.52;128.49;-4.79;93.16;-47.8;;23.53;67.9;-20.94;;35.42;81.58;-3.5
45.486;65.486;85.486;70;2;;;59.52;128.49;-4.79;93.16;-47.8;;23.53;67.9;-20.94;;35.42;81.58;-3.5
45.488;65.488;85.488;70;2;;;59.52;128.49;-4.79;93.16;-47.8;;23.53;67.9;-20.94;;35.42;81.58;-3.5
45.49;65.49;85.49;70;2;;;59.52;128.49;-4.79;93.16;-47.8;;23.53;67.9;-20.94;;35.42;81.58;-3.5
45.492;65.492;85.492;70;2;;;59.52;128.49;-4.79;93.16;-47.8;;23.53;67.9;-20.94;;35.42;81.58;-3.5
45.494;65.494;85.494;70;2;;;59.52;128.49;-4.79;93.16;-47.8;;23.53;67.9;-20.94;;35.42;81.58;-3.5
45.496;65.496;85.496;70;2;;;59.52;128.49;-4.79;93.16;-47.8;;23.53;67.9;-20.94;;35.42;81.58;-3.5
45.498;65.498;85.498;70;2;;;59.52;128.49;-4.79;93.16;-47.8;;23.53;67.9;-20.94;;35.42;81.58;-3.5
45.5;65.5;85.5;70;2;;;59.52;128.49;-4.79;93.16;-47.8;;23.53;67.9;-20.94;;35.42;81.58;-3.5
45.502;65.502;85.502;70;2;;;59.52;128.49;-4.79;93.16;-47.8;;23.53;67.9;-20.94;;35.42;81.58;-3.5
45.504;65.504;85.504;70;2;;;59.52;128.49;-4.79;93.16;-47.8;;23.53;67.9;-20.94;;35.42;81.58;-3.5
45.506;65.506;85.506;70;2;;;59.52;128.49;-4.79;93.16;-47.8;;23.53;67.9;-20.94;;35.42;81.58;-3.5
45.508;65.508;85.508;70;2;;;59.52;128.49;-4.79;93.16;-47.8;;23.53;67.9;-20.94;;35.42;81.58;-3.5
45.51;65.51;85.51;70;2;;;59.52;128.49;-4.79;93.16;-47.8;;23.53;67.9;-20.94;;35.42;81.58;-3.5
45.512;65.512;85.512;70;2;;;59.52;128.49;-4.79;93.16;-47.8;;23.53;67.9;-20.94;;35.42;81.58;-3.5
45.514;65.514;85.514;70;2;;;59.52;128.49;-4.79;93.16;-47.8;;23.53;67.9;-20.94;;35.42;81.58;-3.5
45.516;65.516;85.516;70;2;;;59.52;128.49;-4.79;93.16;-47.8;;23.53;67.9;-20.94;;35.42;81.58;-3.5
45.518;65.518;85.518;70;2;;;59.52;128.49;-4.79;93.16;-47.8;;23.53;67.9;-20.94;;35.42;81.58;-3.5
45.52;65.52;85.52;70;2;;;59.52;128.49;-4.79;93.16;-47.8;;23.53;67.9;-20.94;;35.42;81.58;-3.5
45.522;65.522;85.522;70;2;;;59.52;128.49;-4.79;93.16;-47.8;;23.53;67.9;-20.94;;35.42;81.58;-3.5
45.524;65.524;85.524;70;2;;;59.52;128.49;-4.79;93.16;-47.8;;23.53;67.9;-20.94;;35.42;81.58;-3.5
45.526;65.526;85.526;70;2;;;59.52;128.49;-4.79;93.16;-47.8;;23.53;67.9;-20.94;;35.42;81.58;-3.5
45.528;65.528;85.528;70;2;;;59.52;128.49;-4.79;93.16;-47.8;;23.53;67.9;-20.94;;35.42;81.58;-3.5
45.53;65.53;85.53;70;2;;;59.52;128.49;-4.79;93.16;-47.8;;23.53;67.9;-20.94;;35.42;81.58;-3.5
45.532;65.532;85.532;70;2;;;59.52;128.49;-4.79;93.16;-47.8;;23.53;67.9;-20.94;;35.42;81.58;-3.5
45.534;65.534;85.534;70;2;;;59.52;128.49;-4.79;93.16;-47.8;;23.53;67.9;-20.94;;35.42;81.58;-3.5
45.536;65.536;85.536;70;2;;;59.52;128.49;-4.79;93.16;-47.8;;23.53;67.9;-20.94;;35.42;81.58;-3.5
45.538;65.538;85.538;70;2;;;59.52;128.49;-4.79;93.16;-47.8;;23.53;67.9;-20.94;;35.42;81.58;-3.5
45.54;65.54;85.54;70;2;;;59.52;128.49;-4.79;93.16;-47.8;;23.53;67.9;-20.94;;35.42;81.58;-3.5
45.542;65.542;85.542;70;2;;;59.52;128.49;-4.79;93.16;-47.8;;23.53;67.9;-20.94;;35.42;81.58;-3.5
45.544;65.544;85.544;70;2;;;59.52;128.49;-4.79;93.16;-47.8;;23.53;67.9;-20.94;;35.42;81.58;-3.5
45.546;65.546;85.546;70;2;;;59.52;128.49;-4.79;93.16;-47.8;;23.53;67.9;-20.94;;35.42;81.58;-3.5
45.548;65.548;85.548;70;2;;;59.52;128.49;-4.79;93.16;-47.8;;23.53;67.9;-20.94;;35.42;81.58;-3.5
45.55;65.55;85.55;70;2;;;59.52;128.49;-4.79;93.16;-47.8;;23.53;67.9;-20.94;;35.42;81.58;-3.5
45.552;65.552;85.552;70;2;;;59.52;128.49;-4.79;93.16;-47.8;;23.53;67.9;-20.94;;35.42;81.58;-3.5
45.554;65.554;85.554;70;2;;;59.52;128.49;-4.79;93.16;-47.8;;23.53;67.9;-20.94;;35.42;81.58;-3.5
45.556;65.556;85.556;70;2;;;59.52;128.49;-4.79;93.16;-47.8;;23.53;67.9;-20.94;;35.42;81.58;-3.5
45.558;65.558;85.558;70;2;;;59.52;128.49;-4.79;93.16;-47.8;;23.53;67.9;-20.94;;35.42;81.58;-3.5
45.56;65.56;85.56;70;2;;;59.52;128.49;-4.79;93.16;-47.8;;23.53;67.9;-20.94;;35.42;81.58;-3.5
45.562;65.562;85.562;70;2;;;59.52;128.49;-4.79;93.16;-47.8;;23.53;67.9;-20.94;;35.42;81.58;-3.5
45.564;65.564;85.564;70;2;;;59.52;128.49;-4.79;93.16;-47.8;;23.53;67.9;-20.94;;35.42;81.58;-3.5
45.566;65.566;85.566;70;2;;;59.52;128.49;-4.79;93.16;-47.8;;23.53;67.9;-20.94;;35.42;81.58;-3.5
45.568;65.568;85.568;70;2;;;59.52;128.49;-4.79;93.16;-47.8;;23.53;67.9;-20.94;;35.42;81.58;-3.5
45.57;65.57;85.57;70;2;;;59.52;128.49;-4.79;93.16;-47.8;;23.53;67.9;-20.94;;35.42;81.58;-3.5
45.572;65.572;85.572;70;2;;;59.52;128.49;-4.79;93.16;-47.8;;23.53;67.9;-20.94;;35.42;81.58;-3.5
45.574;65.574;85.574;70;2;;;59.52;128.49;-4.79;93.16;-47.8;;23.53;67.9;-20.94;;35.42;81.58;-3.5
45.576;65.576;85.576;70;2;;;59.52;128.49;-4.79;93.16;-47.8;;23.53;67.9;-20.94;;35.42;81.58;-3.5
45.578;65.578;85.578;70;2;;;59.52;128.49;-4.79;93.16;-47.8;;23.53;67.9;-20.94;;35.42;81.58;-3.5
45.58;65.58;85.58;70;2;;;59.52;128.49;-4.79;93.16;-47.8;;23.53;67.9;-20.94;;35.42;81.58;-3.5
45.582;65.582;85.582;70;2;;;59.52;128.49;-4.79;93.16;-47.8;;23.53;67.9;-20.94;;35.42;81.58;-3.5
45.584;65.584;85.584;70;2;;;59.52;128.49;-4.79;93.16;-47.8;;23.53;67.9;-20.94;;35.42;81.58;-3.5
45.586;65.586;85.586;70;2;;;59.52;128.49;-4.79;93.16;-47.8;;23.53;67.9;-20.94;;35.42;81.58;-3.5
45.588;65.588;85.588;70;2;;;59.52;128.49;-4.79;93.16;-47.8;;23.53;67.9;-20.94;;35.42;81.58;-3.5
45.59;65.59;85.59;70;2;;;59.52;128.49;-4.79;93.16;-47.8;;23.53;67.9;-20.94;;35.42;81.58;-3.5
45.592;65.592;85.592;70;2;;;59.52;128.49;-4.79;93.16;-47.8;;23.53;67.9;-20.94;;35.42;81.58;-3.5
45.594;65.594;85.594;70;2;;;59.52;128.49;-4.79;93.16;-47.8;;23.53;67.9;-20.94;;35.42;81.58;-3.5
45.596;65.596;85.596;70;2;;;59.52;128.49;-4.79;93.16;-47.8;;23.53;67.9;-20.94;;35.42;81.58;-3.5
45.598;65.598;85.598;70;2;;;59.52;128.49;-4.79;93.16;-47.8;;23.53;67.9;-20.94;;35.42;81.58;-3.5
